Department,Department Code,Program Stream Name,Nom du volet de programme,Sub-program Stream Name,Nom du volet de sous-programme,Transfer Payment Program,Programme de paiment de transfer,DRF Program,Program Code,Program Stream ID,Intermediaries,Named Recipient
Agriculture and Agri-Food Canada,1,Agricultural Greenhouse Gases Program,Programme de lutte contre les gaz Ö effet de serre en agriculture,,,Agricultural Greenhouse Gases Program,Programme de lutte contre les gaz Ö effet de serre en agriculture,Agricultural Greenhouse Gases Program,BWO04,101_0,0,0
Agriculture and Agri-Food Canada,1,AgriScience Program,Programme Agri-science,,,AgriScience Program,Programme Agri-science,AgriScience,BWO02,102_0,0,0
Agriculture and Agri-Food Canada,1,AgriInnovate Program,Programme Agri-innover,,,AgriInnovate Program,Programme Agri-innover,AgriInnovate,BWO03,103_0,0,0
Agriculture and Agri-Food Canada,1,Agricultural Clean Technology Program,Programme des technologies propres en agriculture,,,Agricultural Clean Technology Program,Programme des technologies propres en agriculture,"Federal, Provincial and Territorial Cost-shared Science, Research, Innovation and Environment",BWO06,104_0,0,0
Agriculture and Agri-Food Canada,1,AgriMarketing Program: Small and Medium-sized Entreprise Component,Programme Agri-marketing : Volet petites et moyennes entreprises,,,AgriMarketing Program,Programme Agri-marketing,Trade and Market Expansion,BWN01,105_0,0,0
Agriculture and Agri-Food Canada,1,Canadian Agricultural Adaptation Program,Programme canadien d'adaptation agricole,,,Canadian Agricultural Adaptation Program,Programme canadien d'adaptation agricole,Canadian Agricultural Adaptation Program,BWO05,106_0,0,0
Agriculture and Agri-Food Canada,1,AgriProcessing Initiative,Initiative agri-transformation,,,AgriProcessing Initiative,Initiative agri-transformation,Science and Innovation,BWO00,206_0,0,0
Agriculture and Agri-Food Canada,1,Agricultural Innovation Program,Programme d'innovation en agriculture,Stream B: Commercialization,Volet B: Commercialisation,Agricultural Innovation Program,Programme d'innovation en agriculture,Science and Innovation,BWO00,212_1,0,0
Agriculture and Agri-Food Canada,1,AgriInnovation Program,Programme Agri-innovation,Stream C: Enabling Commercialization and Adoption,Volet C: Engendrer la commercialisation et l'adoption,AgriInnovation Program - Enabling Commercialization and Adoption,Programme Agri-innovation: Facilitation de la commercialisation et de l'adoption,Science and Innovation,BWO00,810_0,0,0
Atlantic Canada Opportunities Agency,12,Atlantic Innovation Fund,Fonds d'innovation de l'Atlantique,,,Atlantic Innovation Fund,Fonds d'innovation de l'Atlantique,Innovation Ecosystem,BED04,216_0,1,0
Atlantic Canada Opportunities Agency,12,Atlantic Innovation Fund,Fonds d'innovation de l'Atlantique,,,Atlantic Innovation Fund,Fonds d'innovation de l'Atlantique,Research and Development and Commercialization,BED03,216_0,1,0
Atlantic Canada Opportunities Agency,12,Business Development Program,Programme de dÇveloppement des entreprises,,,Business Development Program,Programme de dÇveloppement des entreprises,Diversified Communities,BED02,214_0,1,0
Atlantic Canada Opportunities Agency,12,Business Development Program,Programme de dÇveloppement des entreprises,,,Business Development Program,Programme de dÇveloppement des entreprises,Inclusive Communities,BED01,214_0,1,0
Atlantic Canada Opportunities Agency,12,Business Development Program,Programme de dÇveloppement des entreprises,,,Business Development Program,Programme de dÇveloppement des entreprises,Innovation Ecosystem,BED04,214_0,1,0
Atlantic Canada Opportunities Agency,12,Business Development Program,Programme de dÇveloppement des entreprises,,,Business Development Program,Programme de dÇveloppement des entreprises,Policy Research and Engagement,BED07,214_0,1,0
Atlantic Canada Opportunities Agency,12,Business Development Program,Programme de dÇveloppement des entreprises,,,Business Development Program,Programme de dÇveloppement des entreprises,Research and Development and Commercialisation,BED03,214_0,1,0
Atlantic Canada Opportunities Agency,12,Business Development Program,Programme de dÇveloppement des entreprises,,,Business Development Program,Programme de dÇveloppement des entreprises,Trade and Investment,BED06,214_0,1,0
Atlantic Canada Opportunities Agency,12,Community Futures Program,Programme de dÇveloppement des collectivitÇs,,,Community Futures Program,Programme de dÇveloppement des collectivitÇs,Inclusive Communities,BED01,218_0,1,0
Atlantic Canada Opportunities Agency,12,Regional Growth Through Innovation - Business Scale-up and Productivity,Croissance Çconomique rÇgionale par l'innovation - Expansion des entreprises et productivitÇ,,,Regional Growth Through Innovation Program,Croissance Çconomique rÇgionale par l'innovation,Business Growth,BED05,108_0,0,0
Atlantic Canada Opportunities Agency,12,Regional Growth Through Innovation - Regional Innovation Ecosystems,Croissance Çconomique rÇgionale par l'innovation - êcosystämes d'innovation rÇgionaux,,,Regional Growth Through Innovation Program,Croissance Çconomique rÇgionale par l'innovation,Business Growth,BED05,109_0,1,0
Atlantic Canada Opportunities Agency,12,Canada Coal Transition Initiative,Initiative canadienne de transition pour l'industrie du charbon,,,Regional Growth Through Innovation Program,Croissance Çconomique rÇgionale par l'innovation,Business Growth,BED05,110_0,0,0
Atlantic Canada Opportunities Agency,12,Women Entrepreneurship Fund,Fonds pour les femmes en entrepreunariat,,,Regional Growth Through Innovation Program,Croissance Çconomique rÇgionale par l'innovation,Business Growth,BED05,111_0,0,0
Atlantic Canada Opportunities Agency,12,Women Entrepreneurship Strategy - Ecosystem Fund,Fonds pour l'Çcosystäme de la StratÇgie pour les femmes en entrepreunariat,,,Regional Growth Through Innovation Program,Croissance Çconomique rÇgionale par l'innovation,Business Growth,BED05,112_0,0,0
Atlantic Canada Opportunities Agency,12,Regional Growth Through Innovation - Business Scale-up and Productivity,Croissance Çconomique rÇgionale par l'innovation - Expansion des entreprises et productivitÇ,,,Regional Growth Through Innovation Program,Croissance Çconomique rÇgionale par l'innovation,Diversified Communities,BED02,108_0,0,0
Atlantic Canada Opportunities Agency,12,Regional Growth Through Innovation - Regional Innovation Ecosystems,Croissance Çconomique rÇgionale par l'innovation - êcosystämes d'innovation rÇgionaux,,,Regional Growth Through Innovation Program,Croissance Çconomique rÇgionale par l'innovation,Diversified Communities,BED02,109_0,1,0
Atlantic Canada Opportunities Agency,12,Canada Coal Transition Initiative,Initiative canadienne de transition pour l'industrie du charbon,,,Regional Growth Through Innovation Program,Croissance Çconomique rÇgionale par l'innovation,Diversified Communities,BED02,110_0,0,0
Atlantic Canada Opportunities Agency,12,Women Entrepreneurship Fund,Fonds pour les femmes en entrepreunariat,,,Regional Growth Through Innovation Program,Croissance Çconomique rÇgionale par l'innovation,Diversified Communities,BED02,111_0,0,0
Atlantic Canada Opportunities Agency,12,Women Entrepreneurship Strategy - Ecosystem Fund,Fonds pour l'Çcosystäme de la StratÇgie pour les femmes en entrepreunariat,,,Regional Growth Through Innovation Program,Croissance Çconomique rÇgionale par l'innovation,Diversified Communities,BED02,112_0,0,0
Atlantic Canada Opportunities Agency,12,Regional Growth Through Innovation - Business Scale-up and Productivity,Croissance Çconomique rÇgionale par l'innovation - Expansion des entreprises et productivitÇ,,,Regional Growth Through Innovation Program,Croissance Çconomique rÇgionale par l'innovation,Innovation Ecosystem,BED04,108_0,0,0
Atlantic Canada Opportunities Agency,12,Regional Growth Through Innovation - Regional Innovation Ecosystems,Croissance Çconomique rÇgionale par l'innovation - êcosystämes d'innovation rÇgionaux,,,Regional Growth Through Innovation Program,Croissance Çconomique rÇgionale par l'innovation,Innovation Ecosystem,BED04,109_0,1,0
Atlantic Canada Opportunities Agency,12,Canada Coal Transition Initiative,Initiative canadienne de transition pour l'industrie du charbon,,,Regional Growth Through Innovation Program,Croissance Çconomique rÇgionale par l'innovation,Innovation Ecosystem,BED04,110_0,0,0
Atlantic Canada Opportunities Agency,12,Women Entrepreneurship Fund,Fonds pour les femmes en entrepreunariat,,,Regional Growth Through Innovation Program,Croissance Çconomique rÇgionale par l'innovation,Innovation Ecosystem,BED04,111_0,0,0
Atlantic Canada Opportunities Agency,12,Women Entrepreneurship Strategy - Ecosystem Fund,Fonds pour l'Çcosystäme de la StratÇgie pour les femmes en entrepreunariat,,,Regional Growth Through Innovation Program,Croissance Çconomique rÇgionale par l'innovation,Innovation Ecosystem,BED04,112_0,0,0
Atlantic Canada Opportunities Agency,12,Regional Growth Through Innovation - Business Scale-up and Productivity,Croissance Çconomique rÇgionale par l'innovation - Expansion des entreprises et productivitÇ,,,Regional Growth Through Innovation Program,Croissance Çconomique rÇgionale par l'innovation,Research and Development and Commercialisation,BED03,108_0,0,0
Atlantic Canada Opportunities Agency,12,Regional Growth Through Innovation - Regional Innovation Ecosystems,Croissance Çconomique rÇgionale par l'innovation - êcosystämes d'innovation rÇgionaux,,,Regional Growth Through Innovation Program,Croissance Çconomique rÇgionale par l'innovation,Research and Development and Commercialisation,BED03,109_0,1,0
Atlantic Canada Opportunities Agency,12,Canada Coal Transition Initiative,Initiative canadienne de transition pour l'industrie du charbon,,,Regional Growth Through Innovation Program,Croissance Çconomique rÇgionale par l'innovation,Research and Development and Commercialisation,BED03,110_0,0,0
Atlantic Canada Opportunities Agency,12,Women Entrepreneurship Fund,Fonds pour les femmes en entrepreunariat,,,Regional Growth Through Innovation Program,Croissance Çconomique rÇgionale par l'innovation,Research and Development and Commercialisation,BED03,111_0,0,0
Atlantic Canada Opportunities Agency,12,Women Entrepreneurship Strategy - Ecosystem Fund,Fonds pour l'Çcosystäme de la StratÇgie pour les femmes en entrepreunariat,,,Regional Growth Through Innovation Program,Croissance Çconomique rÇgionale par l'innovation,Research and Development and Commercialisation,BED03,112_0,0,0
Atlantic Canada Opportunities Agency,12,Regional Growth Through Innovation - Business Scale-up and Productivity,Croissance Çconomique rÇgionale par l'innovation - Expansion des entreprises et productivitÇ,,,Regional Growth Through Innovation Program,Croissance Çconomique rÇgionale par l'innovation,Trade and Investment,BED06,108_0,0,0
Atlantic Canada Opportunities Agency,12,Regional Growth Through Innovation - Regional Innovation Ecosystems,Croissance Çconomique rÇgionale par l'innovation - êcosystämes d'innovation rÇgionaux,,,Regional Growth Through Innovation Program,Croissance Çconomique rÇgionale par l'innovation,Trade and Investment,BED06,109_0,1,0
Atlantic Canada Opportunities Agency,12,Canada Coal Transition Initiative,Initiative canadienne de transition pour l'industrie du charbon,,,Regional Growth Through Innovation Program,Croissance Çconomique rÇgionale par l'innovation,Trade and Investment,BED06,110_0,0,0
Atlantic Canada Opportunities Agency,12,Women Entrepreneurship Fund,Fonds pour les femmes en entrepreunariat,,,Regional Growth Through Innovation Program,Croissance Çconomique rÇgionale par l'innovation,Trade and Investment,BED06,111_0,0,0
Atlantic Canada Opportunities Agency,12,Women Entrepreneurship Strategy - Ecosystem Fund,Fonds pour l'Çcosystäme de la StratÇgie pour les femmes en entrepreunariat,,,Regional Growth Through Innovation Program,Croissance Çconomique rÇgionale par l'innovation,Trade and Investment,BED06,112_0,0,0
Atlantic Canada Opportunities Agency,12,Regional Growth Through Innovation - Business Scale-up and Productivity,Croissance Çconomique rÇgionale par l'innovation - Expansion des entreprises et productivitÇ,,,Regional Growth Through Innovation Program,Croissance Çconomique rÇgionale par l'innovation,Inclusive Communities,BED01,108_0,0,0
Atlantic Canada Opportunities Agency,12,Regional Growth Through Innovation - Regional Innovation Ecosystems,Croissance Çconomique rÇgionale par l'innovation - êcosystämes d'innovation rÇgionaux,,,Regional Growth Through Innovation Program,Croissance Çconomique rÇgionale par l'innovation,Inclusive Communities,BED01,109_0,1,0
Atlantic Canada Opportunities Agency,12,Canada Coal Transition Initiative,Initiative canadienne de transition pour l'industrie du charbon,,,Regional Growth Through Innovation Program,Croissance Çconomique rÇgionale par l'innovation,Inclusive Communities,BED01,110_0,0,0
Atlantic Canada Opportunities Agency,12,Women Entrepreneurship Fund,Fonds pour les femmes en entrepreunariat,,,Regional Growth Through Innovation Program,Croissance Çconomique rÇgionale par l'innovation,Inclusive Communities,BED01,111_0,0,0
Atlantic Canada Opportunities Agency,12,Women Entrepreneurship Strategy - Ecosystem Fund,Fonds pour l'Çcosystäme de la StratÇgie pour les femmes en entrepreunariat,,,Regional Growth Through Innovation Program,Croissance Çconomique rÇgionale par l'innovation,Inclusive Communities,BED01,112_0,0,0
Atlantic Canada Opportunities Agency,12,Regional Growth Through Innovation - Business Scale-up and Productivity,Croissance Çconomique rÇgionale par l'innovation - Expansion des entreprises et productivitÇ,,,Regional Growth Through Innovation Program,Croissance Çconomique rÇgionale par l'innovation,Policy Research and Engagement,BED07,108_0,0,0
Atlantic Canada Opportunities Agency,12,Regional Growth Through Innovation - Regional Innovation Ecosystems,Croissance Çconomique rÇgionale par l'innovation - êcosystämes d'innovation rÇgionaux,,,Regional Growth Through Innovation Program,Croissance Çconomique rÇgionale par l'innovation,Policy Research and Engagement,BED07,109_0,1,0
Atlantic Canada Opportunities Agency,12,Canada Coal Transition Initiative,Initiative canadienne de transition pour l'industrie du charbon,,,Regional Growth Through Innovation Program,Croissance Çconomique rÇgionale par l'innovation,Policy Research and Engagement,BED07,110_0,0,0
Atlantic Canada Opportunities Agency,12,Women Entrepreneurship Fund,Fonds pour les femmes en entrepreunariat,,,Regional Growth Through Innovation Program,Croissance Çconomique rÇgionale par l'innovation,Policy Research and Engagement,BED07,111_0,0,0
Atlantic Canada Opportunities Agency,12,Women Entrepreneurship Strategy - Ecosystem Fund,Fonds pour l'Çcosystäme de la StratÇgie pour les femmes en entrepreunariat,,,Regional Growth Through Innovation Program,Croissance Çconomique rÇgionale par l'innovation,Policy Research and Engagement,BED07,112_0,0,0
Canada Economic Development for Quebec Regions,141,New Business Development and Start-Ups,CrÇation et dÇmarrage d'entreprises,,,Quebec Economic Development,Programme de dÇveloppement Çconomique du QuÇbec,Business innovation and growth,BLL01,224_0,0,0
Canada Economic Development for Quebec Regions,141,Innovation and Technology Transfer,Innovation et transfert technologique,,,Quebec Economic Development,Programme de dÇveloppement Çconomique du QuÇbec,Business innovation and growth,BLL01,226_0,1,0
Canada Economic Development for Quebec Regions,141,Commercialization and Exports,Commercialisation et exportations,,,Quebec Economic Development,Programme de dÇveloppement Çconomique du QuÇbec,Business innovation and growth,BLL01,223_0,1,0
Canada Economic Development for Quebec Regions,141,Innovative and Inclusive Economic Ecosystems,êcosystämes Çconomiques innovants et inclusifs,,,Quebec Economic Development,Programme de dÇveloppement Çconomique du QuÇbec,Business innovation and growth,BLL01,113_0,0,0
Canada Economic Development for Quebec Regions,141,Community Futures Program,Programme de dÇveloppement des collectivitÇs,,,Community Futures Program,Programme de dÇveloppement des collectivitÇs,Community economic development and diversification,BLL02,221_0,1,0
Canada Economic Development for Quebec Regions,141,"Productivity, Digitalization and Expansion","ProductivitÇ, digitalisation et expansion",,,Quebec Economic Development,Programme de dÇveloppement Çconomique du QuÇbec,Business innovation and growth,BLL01,227_0,1,0
Canada Economic Development for Quebec Regions,141,Network Structuring,Structuration des rÇseaux,,,Quebec Economic Development,Programme de dÇveloppement Çconomique du QuÇbec,Business innovation and growth,BLL01,228_0,0,0
Canada Economic Development for Quebec Regions,141,Regional Growth Through Innovation - Business Scale-up and Productivity,Croissance Çconomique rÇgionale par l'innovation - Expansion des entreprises et productivitÇ,,,Regional Growth Through Innovation Program,Croissance Çconomique rÇgionale par l'innovation,Business innovation and growth,BLL01,114_0,0,0
Canada Economic Development for Quebec Regions,141,Regional Growth Through Innovation - Regional Innovation Ecosystems,Croissance Çconomique rÇgionale par l'innovation - êcosystämes d'innovation rÇgionaux,,,Regional Growth Through Innovation Program,Croissance Çconomique rÇgionale par l'innovation,Community economic development and diversification,BLL02,115_0,1,0
Canada Economic Development for Quebec Regions,141,Women Entrepreneurship Fund,Fonds pour les femmes en entrepreunariat,,,Regional Growth Through Innovation Program,Croissance Çconomique rÇgionale par l'innovation,Targeted transition support,BLL03,116_0,0,0
Canada Economic Development for Quebec Regions,141,Women Entrepreneurship Strategy - Ecosystem Fund,Fonds pour l'Çcosystäme de la StratÇgie pour les femmes en entrepreunariat,,,Regional Growth Through Innovation Program,Croissance Çconomique rÇgionale par l'innovation,Targeted transition support,BLL03,117_0,0,0
Canada Institutes of Health Research,74,eHealth Innovations Partnership Program,Programme de partenariats pour l'innovation en cybersantÇ,,,Research Projects and Personnel Support,Projets de recherche et soutien du personnel,Research in Priority Areas,BUI03,201_0,0,0
Canada Institutes of Health Research,74,Industry-Partnered Collaborative Research,Programme de recherche en collaboration avec l'industrie,,,Research Projects and Personnel Support,Projets de recherche et soutien du personnel,Investigator-Initiated Research,BUI01,202_0,0,0
Canadian Heritage,122,Support for Publishers,Soutien aux Çditeurs,Publishing Support,Soutien Ö l'Çdition,Canada Book Fund,Fonds du livre du Canada,Cultural Industries Support and Development,BSD03,247_2,0,0
Canadian Heritage,122,Support for Publishers,Soutien aux Çditeurs,Business Development Support,Soutien au dÇveloppement des entreprises,Canada Book Fund,Fonds du livre du Canada,Cultural Industries Support and Development,BSD03,247_1,0,0
Canadian Heritage,122,Business Innovation,Innovation commerciale,,,Canada Periodical Fund,Fonds du Canada pour les pÇriodiques,Cultural Industries Support and Development,BSD03,249_0,0,0
Canadian Heritage,122,Music Entrepreneur Component,Entrepreneurs de la musique,Aid to Canadian Sound Recording Firms,Aide aux entreprises canadiennes d'enregistrement sonore,Canada Music Fund,Fonds de la musique du Canada,Cultural Industries Support and Development,BSD03,244_1,0,0
Canadian Heritage,122,Music Entrepreneur Component,Entrepreneurs de la musique,Aid to Canadian Music Publishing Firms,Aide aux entreprises canadiennes d'Çdition musicale,Canada Music Fund,Fonds de la musique du Canada,Cultural Industries Support and Development,BSD03,244_3,0,0
Canadian Heritage,122,Music Entrepreneur Component,Entrepreneurs de la musique,Aid to National Service Organizations,Aide aux organismes nationaux de services,Canada Music Fund,Fonds de la musique du Canada,Cultural Industries Support and Development,BSD03,244_2,0,0
Canadian Heritage,122,New Musical Works,Nouvelles oeuvres musicales,,,Canada Music Fund,Fonds de la musique du Canada,Cultural Industries Support and Development,BSD03,251_0,1,0
Canadian Heritage,122,Experimental Stream,Volet expÇrimental,,,Canada Media Fund,Fonds des mÇdias du Canada,Cultural Industries Support and Development,BSD03,250_0,1,1
Canadian Northern Economic Development Agency,86,Entrepreneurship and Business Development,Entrepreneuriat et dÇveloppement des entreprises,,,Aboriginal Participation in the Northern Economy,Participation des Autchtones Ö l'Çconomie du Nord,Business Development,BNL02,220_0,1,0
Canadian Northern Economic Development Agency,86,Strategic Investments in Northern Economic Development,Investissements stratÇgiques dans le dÇveloppement Çconomique du Nord,,,Promoting Regional Development in Canada's Three Territories,Promotion du dÇveloppement rÇgional dans les trois territoires du Canada,Business Development,BNL02,219_0,0,0
Canadian Northern Economic Development Agency,86,Regional Growth Through Innovation - Business Scale-up and Productivity,Croissance Çconomique rÇgionale par l'innovation - Expansion des entreprises et productivitÇ,,,Regional Growth Through Innovation,Croissance Çconomique rÇgionale par l'innovation,Business Development,BNL02,118_0,0,0
Canadian Northern Economic Development Agency,86,Regional Growth Through Innovation - Regional Innovation Ecosystems,Croissance Çconomique rÇgionale par l'innovation - êcosystämes d'innovation rÇgionaux,,,Regional Growth Through Innovation,Croissance Çconomique rÇgionale par l'innovation,Business Development,BNL02,119_0,0,0
Canadian Northern Economic Development Agency,86,Women Entrepreneurship Fund,Fonds pour les femmes en entrepreunariat,,,Regional Growth Through Innovation,Croissance Çconomique rÇgionale par l'innovation,Business Development,BNL02,120_0,0,0
Canadian Northern Economic Development Agency,86,Women Entrepreneurship Strategy - Ecosystem Fund,Fonds pour l'Çcosystäme de la StratÇgie pour les femmes en entrepreunariat,,,Regional Growth Through Innovation,Croissance Çconomique rÇgionale par l'innovation,Business Development,BNL02,121_0,0,0
Canadian Space Agency,95,Earth Observation Application Development Program,Programme de dÇveloppement d'applications en observation de la terre,,,"Research, Awareness and Learning in Space Science and Technology","Programme Ö l'appui de la recherche, de la sensibilisation et de l'Çducation en sciences et technologies spatiales",Space Capacity Development,BLM03,205_0,0,0
Canadian Space Agency,95,Space Technology Development Program,Programme de dÇveloppement des technologies spatiales,,,"Research, Awareness and Learning in Space Science and Technology","Programme Ö l'appui de la recherche, de la sensibilisation et de l'Çducation en sciences et technologies spatiales",Space Capacity Development,BLM03,204_0,0,0
Department of National Defence,133,"Innovation for Defence, Excellence and Security","Innovation pour la dÇfense, l'excellence et la sÇcuritÇ",,,Innovation for Defence Excellence and Security,"Innovation pour la dÇfense, l'excellence et la sÇcuritÇ",Science Technology and Innovation,BUQ08,122_0,0,0
Department of National Defence,133,Defence Innovation Research Program,Programme de recherche d'innovations pour la dÇfense,,,,,Science Technology and Innovation,BUQ08,257_0,0,0
Environment and Climate Change Canada,137,Science Horizons Youth Internship Program,Programme de stages Horizons Sciences pour les jeunes,,,Science Horizons Program,Programme de stages pour les jeunes Horizons Sciences,Community Eco-Action,BGS03,326_0,1,0
Environment and Climate Change Canada,137,Low Carbon Economy Challenge,DÇfi pour une Çconomie Ö faibles Çmissions de carbone,Champions stream,Volet des champions,Low Carbon Economy Fund,Fonds pour une Çconomie Ö faibles Çmissions de carbone,Clean Growth and Climate Change Mitigation,BGR01,123_1,0,0
Environment and Climate Change Canada,137,Low Carbon Economy Challenge,DÇfi pour une Çconomie Ö faibles Çmissions de carbone,Partnerships stream,Volet des partenariats,Low Carbon Economy Fund,Fonds pour une Çconomie Ö faibles Çmissions de carbone,Clean Growth and Climate Change Mitigation,BGR01,123_2,0,0
Federal Economic Development Agency for Southern Ontario,150,Advanced Manufacturing Fund,Fonds de la fabrication de pointe,For-Profit Organization,Organisation Ö but lucratif,Advanced Manufacturing Fund,Fonds de la fabrication de pointe,Advanced Manufacturing,BNM01,313_1,0,0
Federal Economic Development Agency for Southern Ontario,150,Advanced Manufacturing Fund,Fonds de la fabrication de pointe,Not-For-Profit Organization,Organisation Ö but non lucratif,Advanced Manufacturing Fund,Fonds de la fabrication de pointe,Advanced Manufacturing,BNM01,313_2,0,0
Federal Economic Development Agency for Southern Ontario,150,Eastern Ontario Development Program,Programme de dÇveloppement de l'Est de l'Ontario,Business Development and Community Innovation,DÇveloppement des entreprises et innovation communautaire,Eastern Ontario Development Program,Programme de dÇveloppement de l'Est de l'Ontario,Eastern Ontario Development Program,BNM07,316_1,1,0
Federal Economic Development Agency for Southern Ontario,150,Eastern Ontario Development Program,Programme de dÇveloppement de l'Est de l'Ontario,Collaborative Economic Development Projects,Projets de dÇveloppement Çconomique collaboratif,Eastern Ontario Development Program,Programme de dÇveloppement de l'Est de l'Ontario,Eastern Ontario Development Program,BNM07,316_2,1,0
Federal Economic Development Agency for Southern Ontario,150,Investing in Business Growth and Productivity,Investir dans la croissance et la productivitÇ des entreprises,Small-and-Medium-sized Entreprise,Les petites et moyennes entreprises,Southern Ontario Prosperity Initiatives,Initiatives pour la prospÇritÇ du Sud de l'Ontario,Business Growth and Productivity,BNM03,318_2,1,0
Federal Economic Development Agency for Southern Ontario,150,Investing in Business Growth and Productivity,Investir dans la croissance et la productivitÇ des entreprises,Not-For-Profit Organization,Organisations Ö but non lucratif,Southern Ontario Prosperity Initiatives,Initiatives pour la prospÇritÇ du Sud de l'Ontario,Business Growth and Productivity,BNM03,318_1,1,0
Federal Economic Development Agency for Southern Ontario,150,Investing in Business Innovation,Investir dans l'innovation des entreprises,Early-Stage Companies,Entreprises en dÇmarrage,Southern Ontario Prosperity Initiatives,Initiatives pour la prospÇritÇ du Sud de l'Ontario,Business Investment,BNM04,320_2,1,0
Federal Economic Development Agency for Southern Ontario,150,Investing in Business Innovation,Investir dans l'innovation des entreprises,Angel Investor Networks,RÇseaux d'investisseurs providentiels,Southern Ontario Prosperity Initiatives,Initiatives pour la prospÇritÇ du Sud de l'Ontario,Business Investment,BNM04,320_1,1,0
Federal Economic Development Agency for Southern Ontario,150,Investing in Business Innovation,Investir dans l'innovation des entreprises,Not-for-Profit,Organisations Ö but non lucratif,Southern Ontario Prosperity Initiatives,Initiatives pour la prospÇritÇ du Sud de l'Ontario,Business Investment,BNM04,320_3,1,0
Federal Economic Development Agency for Southern Ontario,150,Investing in Regional Diversification,Investir dans la diversification rÇgionale,,,Southern Ontario Prosperity Initiatives,Initiatives pour la prospÇritÇ du Sud de l'Ontario,Regional Diversification,BNM09,325_0,0,0
Federal Economic Development Agency for Southern Ontario,150,Investing in Commercialization Partnerships,Investir dans les partenariats de commercialisation,Not-For-Profit Organization,Organismes Ö but non lucratif,Southern Ontario Prosperity Initiatives,Initiatives pour la prospÇritÇ du Sud de l'Ontario,Commercialization Partnerships,BNM02,323_1,0,0
Federal Economic Development Agency for Southern Ontario,150,Investing in Commercialization Partnerships,Investir dans les partenariats de commercialisation,Post-secondary Institution,êtablissement postsecondaire,Southern Ontario Prosperity Initiatives,Initiatives pour la prospÇritÇ du Sud de l'Ontario,Commercialization Partnerships,BNM02,323_2,0,0
Federal Economic Development Agency for Southern Ontario,150,Community Futures Program,Programme de dÇveloppement des collectivitÇs,,,Community Futures Program,Programme de dÇveloppement des collectivitÇs,Community Futures Program,BNM06,315_0,0,0
Federal Economic Development Agency for Southern Ontario,150,Regional Growth Through Innovation - Business Scale-up and Productivity,Croissance Çconomique rÇgionale par l'innovation - Expansion des entreprises et productivitÇ,,,Regional Growth Through Innovation,Croissance Çconomique rÇgionale par l'innovation,Business Growth and Productivity,BNM03,124_0,0,0
Federal Economic Development Agency for Southern Ontario,150,Regional Growth Through Innovation - Regional Innovation Ecosystems,Croissance Çconomique rÇgionale par l'innovation - êcosystämes d'innovation rÇgionaux,,,Regional Growth Through Innovation,Croissance Çconomique rÇgionale par l'innovation,Commercialization Partnerships,BNM02,125_0,1,0
Federal Economic Development Agency for Southern Ontario,150,Women Entrepreneurship Fund,Fonds pour les femmes en entrepreunariat,,,Regional Growth Through Innovation,Croissance Çconomique rÇgionale par l'innovation,NA,,126_0,0,0
Federal Economic Development Agency for Southern Ontario,150,Women Entrepreneurship Strategy - Ecosystem Fund,Fonds pour l'Çcosystäme de la StratÇgie pour les femmes en entrepreunariat,,,Regional Growth Through Innovation,Croissance Çconomique rÇgionale par l'innovation,NA,,127_0,0,0
Federal Economic Development Agency for Southern Ontario,150,Community Economic Development and Diversification,DÇveloppement Çconomique et diversification des collectivitÇs,,,Southern Ontario Prosperity Initiatives,Initiatives pour la prospÇritÇ du Sud de l'Ontario,Regional Diversification,BNM09,157_0,0,0
Fisheries and Oceans Canada,125,British Columbia Salmon Restoration and Innovation Fund,Fonds de restauration et d'innovation pour le saumon de la Colombie-Britannique,,,British Columbia Salmon Restoration and Innovation Fund,Fonds de restauration et d'innovation pour le saumon de la Colombie-Britannique,Fisheries Management,BTF01,128_0,0,0
Fisheries and Oceans Canada,125,Aquaculture Collaborative Research and Development Program,Programme coopÇratif de recherche et dÇveloppement en aquaculture,,,,,Aquaculture Science,BTF10,229_0,0,0
Fisheries and Oceans Canada,125,Fisheries and Aquaculture Clean Technology Adoption Program,Programme d'adoption des technologies propres pour les pàches et l'aquaculture,,,Adoption of Clean Technology Within the Fisheries and Aquaculture Industry Through the Fisheries and Aquaculture Clean Technology Adoption,Adoption de technologies propres au sein de l'industrie de l'aquaculture et des pàches par l'entremise du Programme d'adoption des technologies propres pour les pàches et l'aquaculture,Aquaculture Management,BTF03,129_0,0,0
Fisheries and Oceans Canada,125,Atlantic Fisheries Fund,Fonds des pàches de l'Atlantique,Canadian Fish and Seafood and Opportunities Fund,Fonds canadien d'initiatives en matiäre de poissons et de fruits de mer,Atlantic Canada's Fish and Seafood Sector,Secteur du poisson et des pàches du Canada atlantique,Fisheries Management,BTF01,130_1,1,0
Fisheries and Oceans Canada,125,Atlantic Fisheries Fund,Fonds des pàches de l'Atlantique,Canadian Fish and Seafood and Opportunities Fund,Fonds canadien d'initiatives en matiäre de poissons et de fruits de mer,Atlantic Fisheries Fund,Fonds des pàches de l'Atlantique,Fisheries Management,BTF01,130_1,1,0
Global Affairs Canada,126,Trade Commissioner Service,Service des dÇlÇguÇs commerciaux,,,,,"Trade, Investment and International Economic Policy",BVB02,288_0,0,0
Global Affairs Canada,126,CanExport,CanExport,,,Global Markets Support Program,Programme de soutien sur les marchÇs mondiaux,International Business Development,BVC03,286_0,0,0
Global Affairs Canada,126,Canadian Technology Accelerators,AccÇlÇrateurs technologiques canadiens,,,,,International Innovation and Investment,BVC04,330_0,0,0
Global Affairs Canada,126,Going Global Innovation,VisÇe mondiale en innovation,,,Global Markets Support Program,Programme de soutien sur les marchÇs mondiaux,International Innovation and Investment,BVC04,287_0,0,0
Global Affairs Canada,126,Canadian International Innovation Program,Programme canadien de l'innovation Ö l'international,,,Canadian International Innovation Program,Programme canadien de l'innovation Ö l'international,International Innovation and Investment,BVC04,289_0,1,0
"Innovation, Science and Economic Development Canada",130,Accelerated Growth Service,Service de croissance accÇlÇrÇe,,,,,Innovation in Business,BNP01,131_0,0,0
"Innovation, Science and Economic Development Canada",130,Automotive Innovation Fund,Fonds d'innovation pour le secteur de l'automobile,,,Automotive Innovation Fund,Fonds d'innovation pour le secteur de l'automobile,Innovation in Business,BNP01,291_0,0,0
"Innovation, Science and Economic Development Canada",130,Automotive Supplier Innovation Fund,Programme d'innovation pour les fournisseurs du secteur de l'automobile,,,Automotive Supplier Innovation,Programme d'innovation pour les fournisseurs du secteur de l'automobile,Innovation in Business,BNP01,292_0,0,0
"Innovation, Science and Economic Development Canada",130,Canada Business Network,RÇseau entreprises Canada,,,,,Digital Service,BNP05,132_0,0,0
"Innovation, Science and Economic Development Canada",130,Canada Small Business Financing Program,Programme de financement des petites entreprises du Canada,,,Canada Small Business Financing Program,Programme de financement des petites entreprises du Canada,Support and Financing for Small Business,BNP02,133_0,0,0
"Innovation, Science and Economic Development Canada",130,CANARIE Inc.,CANARIE Inc.,Digital Accelerator for Innovation Research,AccÇlÇrateur technologique pour l'innovation et la recherche,CANARIE Inc.,CANARIE Inc.,Higher Education Sector Science and Research,BNO01,134_0,1,1
"Innovation, Science and Economic Development Canada",130,Centre for Drug Research and Development,Centre de recherche et dÇveloppement des mÇdicaments,,,Centre for Drug Research and Development,Centre de recherche et dÇveloppement des mÇdicaments,Higher Education Sector Science and Research,BNO01,296_0,1,1
"Innovation, Science and Economic Development Canada",130,Clean Growth Hub,Carrefour de la croissance propre,,,,,Clean Technology and Clean Growth,BNP07,135_0,0,0
"Innovation, Science and Economic Development Canada",130,FedNor Community Futures Program,FedNor Programme de dÇveloppement des collectivitÇs,,,Community Futures Program,Programme de dÇveloppement des collectivitÇs,Economic Development in Northern Ontario,BNN04,290_0,1,0
"Innovation, Science and Economic Development Canada",130,FedNor Regional Growth Through Innovation - Business Scale-up and Productivity,FedNor Croissance Çconomique rÇgionale par l'innovation - Expansion des entreprises et productivitÇ,,,Regional Growth Through Innovation,Croissance Çconomique rÇgionale par l'innovation,Economic Development in Northern Ontario,BNN04,136_0,0,0
"Innovation, Science and Economic Development Canada",130,FedNor Regional Growth Through Innovation - Regional Innovation Ecosystems,FedNor Croissance Çconomique rÇgionale par l'innovation - êcosystämes d'innovation rÇgionaux,,,Regional Growth Through Innovation,Croissance Çconomique rÇgionale par l'innovation,Economic Development in Northern Ontario,BNN04,137_0,0,0
"Innovation, Science and Economic Development Canada",130,FedNor Regional Growth Through Innovation - Targeted Manufacturing Initiative for Northern Ontario,FedNor Croissance Çconomique rÇgionale par l'innovation - Initiative de fabrication ciblÇe du Nord de l'Ontario,,,Regional Growth Through Innovation,Croissance Çconomique rÇgionale par l'innovation,Economic Development in Northern Ontario,BNN04,811_0,0,0
"Innovation, Science and Economic Development Canada",130,FedNor Women Entrepreneurship Fund,FedNor Fonds pour les femmes en entrepreunariat,,,Regional Growth Through Innovation,Croissance Çconomique rÇgionale par l'innovation,Economic Development in Northern Ontario,BNN04,138_0,0,0
"Innovation, Science and Economic Development Canada",130,FedNor Women Entrepreneurship Strategy - Ecosystem Fund,FedNor Fonds pour l'Çcosystäme de la StratÇgie pour les femmes en entrepreunariat,,,Regional Growth Through Innovation,Croissance Çconomique rÇgionale par l'innovation,Economic Development in Northern Ontario,BNN04,139_0,0,0
"Innovation, Science and Economic Development Canada",130,Futurpreneur Canada,Futurpreneur Canada,,,Futurpreneur Canada,Futurpreneur Canada,Entrepreneurship Policy,BNN02,298_0,1,1
"Innovation, Science and Economic Development Canada",130,Genome Canada,Genome Canada,Translation,Transformation,Genome Canada,Genome Canada,Higher Education Sector Science and Research,BNO01,299_1,1,1
"Innovation, Science and Economic Development Canada",130,Innovative Solutions Canada,Solution innovatrices Canada,,,Innovative Solutions Canada,Solution innovatrices Canada,Innovation in Business,BNP01,140_0,0,0
"Innovation, Science and Economic Development Canada",130,Mitacs Inc.,Mitacs Inc.,Accelerate,AccÇlÇration,Mitacs Inc.,Mitacs Inc.,Talent Development,BNN01,327_1,1,1
"Innovation, Science and Economic Development Canada",130,Mitacs Inc.,Mitacs Inc.,Globalink,Globalink,Mitacs Inc.,Mitacs Inc.,Talent Development,BNN01,327_3,1,1
"Innovation, Science and Economic Development Canada",130,Mitacs Inc.,Mitacs Inc.,Elevate,êlÇvation,Mitacs Inc.,Mitacs Inc.,Talent Development,BNN01,327_2,1,1
"Innovation, Science and Economic Development Canada",130,Stem Cell Network,RÇseau de cellules souches,Clinical Trials Research Agreement,Programme des essais cliniques,Stem Cell Network,RÇseau de cellules souches,Higher Education Sector Science and Research,BNO01,304_1,1,1
"Innovation, Science and Economic Development Canada",130,Stem Cell Network,RÇseau de cellules souches,Disease Team Research Agreement,Programme des Çquipes de recherche sur les maladies,Stem Cell Network,RÇseau de cellules souches,Higher Education Sector Science and Research,BNO01,304_2,1,1
"Innovation, Science and Economic Development Canada",130,Stem Cell Network,RÇseau de cellules souches,Impact Research Agreement -Clinical Accelerators,Recherches d'impact - AccÇlÇrateurs cliniques,Stem Cell Network,RÇseau de cellules souches,Higher Education Sector Science and Research,BNO01,304_3,1,1
"Innovation, Science and Economic Development Canada",130,Stem Cell Network,RÇseau de cellules souches,Impact Research Agreement -Clinical Translation,Recherches d'impact - Application clinique,Stem Cell Network,RÇseau de cellules souches,Higher Education Sector Science and Research,BNO01,304_4,1,1
"Innovation, Science and Economic Development Canada",130,Stem Cell Network,RÇseau de cellules souches,Impact Research Agreement -Commercialization,Recherches d'impact - Commercialisation,Stem Cell Network,RÇseau de cellules souches,Higher Education Sector Science and Research,BNO01,304_5,1,1
"Innovation, Science and Economic Development Canada",130,Stem Cell Network,RÇseau de cellules souches,Impact Research Agreement -Public Policy,Recherches d'impact - Politique publique,Stem Cell Network,RÇseau de cellules souches,Higher Education Sector Science and Research,BNO01,304_7,1,1
"Innovation, Science and Economic Development Canada",130,Stem Cell Network,RÇseau de cellules souches,Impact Research Agreement -Translational,Recherches d'impact - Transfert des dÇcouvertes,Stem Cell Network,RÇseau de cellules souches,Higher Education Sector Science and Research,BNO01,304_6,1,1
"Innovation, Science and Economic Development Canada",130,Strategic Aerospace and Defence Initiative (SADI),Initiative stratÇgique pour l'aÇrospatiale et la dÇfense,,,Strategic Aerospace and Defence Initiative,Initiative stratÇgique pour l'aÇrospatiale et la dÇfense,Innovation in Business,BNP01,293_0,0,0
"Innovation, Science and Economic Development Canada",130,Strategic Innovation Fund,Fonds stratÇgique pour l'innovation,Stream 1 - Research and Development and commercialization,Volet 1 - Recherche et dÇveloppement et la commercialisation,Strategic Innovation Fund,Fonds stratÇgique pour l'innovation,Innovation in Business,BNP01,141_1,0,0
"Innovation, Science and Economic Development Canada",130,Strategic Innovation Fund,Fonds stratÇgique pour l'innovation,Stream 2 - Firm expansion and growth,Volet 2 - L'expansion et croissance d'entreprise,Strategic Innovation Fund,Fonds stratÇgique pour l'innovation,Innovation in Business,BNP01,141_2,0,0
"Innovation, Science and Economic Development Canada",130,Strategic Innovation Fund,Fonds stratÇgique pour l'innovation,Stream 3 - Investment attraction and reinvestment,Volet 3 - L'attraction d'investissements et rÇinvestissement,Strategic Innovation Fund,Fonds stratÇgique pour l'innovation,Innovation in Business,BNP01,141_3,0,0
"Innovation, Science and Economic Development Canada",130,Strategic Innovation Fund,Fonds stratÇgique pour l'innovation,Stream 4 - Collaborative technology development and demonstration,Volet 4 - DÇveloppement et dÇmonstration de technologie collaborative,Strategic Innovation Fund,Fonds stratÇgique pour l'innovation,Innovation in Business,BNP01,141_4,0,0
"Innovation, Science and Economic Development Canada",130,Strategic Innovation Fund,Fonds stratÇgique pour l'innovation,Stream 5 - National Ecosystems,Volet 5 - êcosystämes nationaux,Strategic Innovation Fund,Fonds stratÇgique pour l'innovation,Innovation in Business,BNP01,141_5,0,0
"Innovation, Science and Economic Development Canada",130,Sustainable Development Technology Canada,Technologies du dÇveloppement durable Canada,SD Tech Fund,Fonds de technologies du dÇveloppement durable,Canada Foundation for Sustainable Development Technology,Fondation du Canada pour l'appui technologique au dÇveloppement durable,Clean Technology and Clean Growth,BNP07,311_2,1,1
"Innovation, Science and Economic Development Canada",130,Sustainable Development Technology Canada,Technologies du dÇveloppement durable Canada,NextGen Biofuels Fund,Fonds de biocarburants ProGen,Canada Foundation for Sustainable Development Technology,Fondation du Canada pour l'appui technologique au dÇveloppement durable,Clean Technology and Clean Growth,BNP07,311_1,1,1
"Innovation, Science and Economic Development Canada",130,Technology Demonstration Program,Programme de dÇmonstration de technologies,,,Technology Demonstration,DÇmonstration de technologies,Innovation in Business,BNP01,294_0,1,0
"Innovation, Science and Economic Development Canada",130,Northern Ontario Development Program,Programme de dÇveloppement du Nord de l'Ontario,Business Growth and Competitiveness,Croissance des entreprises et compÇtitivitÇ,Northern Ontario Development Program,Programme de dÇveloppement du Nord de l'Ontario,Economic Development in Northern Ontario,BNN04,300_1,0,0
"Innovation, Science and Economic Development Canada",130,Northern Ontario Development Program,Programme de dÇveloppement du Nord de l'Ontario,Innovation,Innovation,Northern Ontario Development Program,Programme de dÇveloppement du Nord de l'Ontario,Economic Development in Northern Ontario,BNN04,300_2,0,0
"Innovation, Science and Economic Development Canada",130,Northern Ontario Development Program,Programme de dÇveloppement du Nord de l'Ontario,Targeted Manufacturing Initiative for Northern Ontario,Initiative de fabrication ciblÇe pour le Nord de l'Ontario,Northern Ontario Development Program,Programme de dÇveloppement du Nord de l'Ontario,Economic Development in Northern Ontario,BNN04,300_3,0,0
"Innovation, Science and Economic Development Canada",130,Northern Ontario Development Program,Programme de dÇveloppement du Nord de l'Ontario,Youth Internships,Stages jeunesse,Northern Ontario Development Program,Programme de dÇveloppement du Nord de l'Ontario,Economic Development in Northern Ontario,BNN04,300_4,0,0
"Innovation, Science and Economic Development Canada",130,Northern Ontario Development Program,Programme de dÇveloppement du Nord de l'Ontario,Community economic development priority,PrioritÇ de dÇveloppement Çconomique communautaire,Northern Ontario Development Program,Programme de dÇveloppement du Nord de l'Ontario,Economic Development in Northern Ontario,BNN04,300_5,0,0
"Innovation, Science and Economic Development Canada",130,Northern Ontario Development Program,Programme de dÇveloppement du Nord de l'Ontario,Community investment initiative for Northern Ontario,Initiative d'investissement communautaire pour le Nord de l'Ontario,Northern Ontario Development Program,Programme de dÇveloppement du Nord de l'Ontario,Economic Development in Northern Ontario,BNN04,300_6,0,0
"Innovation, Science and Economic Development Canada",130,Innovation Superclusters Initiative,Initiative des supergrappes d'innovation,,,Innovation Superclusters Initiative,Initiative des supergrappes d'innovation,Innovation Superclusters Initiative,BNO03,800_0,0,0
"Innovation, Science and Economic Development Canada",130,Communications Research Centre Canada,Centre de recherche sur les communications Canada,,,,,"Communication Technologies, Research and Innovation",BNP08,297_0,0,0
"Innovation, Science and Economic Development Canada",130,Technology Partnerships Canada,Partenariat technologique Canada,,,Technology Partnerships Canada,Partenariat technologique Canada,Innovation in Business,BNP01,295_0,0,0
"Innovation, Science and Economic Development Canada",130,Economic Development Initiative,Initiative de dÇveloppement Çconomique,,,Northern Ontario Development Program,Programme de dÇveloppement du Nord de l'Ontario,Economic Development in Northern Ontario,BNN04,812_0,0,0
National Research Council of Canada,228,Aerospace,AÇrospatiale,,,,,Aerospace,BNQ01,268_0,0,0
National Research Council of Canada,228,Aquatic and Crop Resource Development,DÇveloppement des cultures et des ressources aquatiques,,,,,Aquatic and Crop Resource Development,BNQ02,331_0,0,0
National Research Council of Canada,228,Automotive and Surface Transportation,L'automobile et les transports de surface,,,,,Automotive and Surface Transportation,BNQ03,332_0,0,0
National Research Council of Canada,228,Canada Accelerator and Incubator Program,Programme canadien des accÇlÇrateurs et des incubateurs,,,Canada Accelerator and Incubator Program,Programme canadien des accÇlÇrateurs et des incubateurs,Industrial Research Assistance Program,BNQ08,259_0,0,0
National Research Council of Canada,228,"Collaborative Science, Technology and Innovation Program","Programme de collaboration en science, en technologie et en innovation",,,"Collaborative Science, Technology and Innovation Program","Programme de collaboration en science, en technologie et en innovation","Collaborative Science, Technology and Innovation Program",BNQ22,142_0,0,0
National Research Council of Canada,228,Construction,Construction,,,,,Construction,BNQ04,333_0,0,0
National Research Council of Canada,228,"Energy, Mining and Environment","L'Çnergie, les mines et l'environment",,,,,"Energy, Mining and Environment",BNQ05,334_0,0,0
National Research Council of Canada,228,Human Health Therapeutics,ThÇrapeutiques en santÇ humaine,,,,,Human Health Therapeutics,BNQ07,335_0,0,0
National Research Council of Canada,228,Industrial Research Assistance Program,Programme d'aide Ö la recherche industrielle,Contributions to Firms,Contributions aux entreprises,Industrial Research Assistance Program - Contributions to Firms,Programme d'aide Ö la recherche industrielle - Contributions aux entreprises,Industrial Research Assistance Program,BNQ08,258_4,0,0
National Research Council of Canada,228,Industrial Research Assistance Program,Programme d'aide Ö la recherche industrielle,Contributions to Organizations,Contributions aux organismes,Industrial Research Assistance Program - Contributions to Firms,Programme d'aide Ö la recherche industrielle - Contributions aux entreprises,Industrial Research Assistance Program,BNQ08,258_5,0,0
National Research Council of Canada,228,Industrial Research Assistance Program,Programme d'aide Ö la recherche industrielle,EUREKA,EUREKA,Industrial Research Assistance Program - Contributions to Firms,Programme d'aide Ö la recherche industrielle - Contributions aux entreprises,Industrial Research Assistance Program,BNQ08,258_7,0,0
National Research Council of Canada,228,Industrial Research Assistance Program,Programme d'aide Ö la recherche industrielle,Youth Employment Program,Programme emploi jeunesse,Industrial Research Assistance Program - Contributions to Firms,Programme d'aide Ö la recherche industrielle - Contributions aux entreprises,Industrial Research Assistance Program,BNQ08,258_8,0,0
National Research Council of Canada,228,Industrial Research Assistance Program,Programme d'aide Ö la recherche industrielle,Youth Employment Program Green,Programme emploi jeunesse vert,Industrial Research Assistance Program - Contributions to Firms,Programme d'aide Ö la recherche industrielle - Contributions aux entreprises,Industrial Research Assistance Program,BNQ08,258_9,0,0
National Research Council of Canada,228,Industrial Research Assistance Program,Programme d'aide Ö la recherche industrielle,Contributions to Firms,Contributions aux entreprises,Industrial Research Assistance Program - Contributions to Youth Employment Strategy,Programme d'aide Ö la recherche industrielle - Contributions aux entreprises,Industrial Research Assistance Program,BNQ08,258_4,0,0
National Research Council of Canada,228,Industrial Research Assistance Program,Programme d'aide Ö la recherche industrielle,Contributions to Organizations,Contributions aux organismes,Industrial Research Assistance Program - Contributions to Youth Employment Strategy,Programme d'aide Ö la recherche industrielle - Contributions aux entreprises,Industrial Research Assistance Program,BNQ08,258_5,0,0
National Research Council of Canada,228,Industrial Research Assistance Program,Programme d'aide Ö la recherche industrielle,EUREKA,EUREKA,Industrial Research Assistance Program - Contributions to Youth Employment Strategy,Programme d'aide Ö la recherche industrielle - Contributions aux entreprises,Industrial Research Assistance Program,BNQ08,258_7,0,0
National Research Council of Canada,228,Industrial Research Assistance Program,Programme d'aide Ö la recherche industrielle,Youth Employment Program,Programme emploi jeunesse,Industrial Research Assistance Program - Contributions to Youth Employment Strategy,Programme d'aide Ö la recherche industrielle - Contributions aux entreprises,Industrial Research Assistance Program,BNQ08,258_8,0,0
National Research Council of Canada,228,Industrial Research Assistance Program,Programme d'aide Ö la recherche industrielle,Youth Employment Program Green,Programme emploi jeunesse vert,Industrial Research Assistance Program - Contributions to Youth Employment Strategy,Programme d'aide Ö la recherche industrielle - Contributions aux entreprises,Industrial Research Assistance Program,BNQ08,258_9,0,0
National Research Council of Canada,228,Industrial Research Assistance Program,Programme d'aide Ö la recherche industrielle,Contributions to Firms,Contributions aux entreprises,Industrial Research Assistance Program - Contributions to Organizations,Programme d'aide Ö la recherche industrielle - Contributions aux organismes,Industrial Research Assistance Program,BNQ08,258_4,0,0
National Research Council of Canada,228,Industrial Research Assistance Program,Programme d'aide Ö la recherche industrielle,Contributions to Organizations,Contributions aux organismes,Industrial Research Assistance Program - Contributions to Organizations,Programme d'aide Ö la recherche industrielle - Contributions aux organismes,Industrial Research Assistance Program,BNQ08,258_5,0,0
National Research Council of Canada,228,Industrial Research Assistance Program,Programme d'aide Ö la recherche industrielle,EUREKA,EUREKA,Industrial Research Assistance Program - Contributions to Organizations,Programme d'aide Ö la recherche industrielle - Contributions aux organismes,Industrial Research Assistance Program,BNQ08,258_7,0,0
National Research Council of Canada,228,Industrial Research Assistance Program,Programme d'aide Ö la recherche industrielle,Youth Employment Program,Programme emploi jeunesse,Industrial Research Assistance Program - Contributions to Organizations,Programme d'aide Ö la recherche industrielle - Contributions aux organismes,Industrial Research Assistance Program,BNQ08,258_8,0,0
National Research Council of Canada,228,Industrial Research Assistance Program,Programme d'aide Ö la recherche industrielle,Youth Employment Program Green,Programme emploi jeunesse vert,Industrial Research Assistance Program - Contributions to Organizations,Programme d'aide Ö la recherche industrielle - Contributions aux organismes,Industrial Research Assistance Program,BNQ08,258_9,0,0
National Research Council of Canada,228,Information and Communication Technologies,Technologies de l'information et des communications,Digital Technologies,Technologies numÇriques,,,Information and Communications Technologies,BNQ09,336_2,0,0
National Research Council of Canada,228,Information and Communication Technologies,Technologies de l'information et des communications,Advanced Electronics and Photonics,êlectronique avancÇe et photonique,,,Information and Communications Technologies,BNQ09,336_1,0,0
National Research Council of Canada,228,Medical Devices,Dispositifs mÇdicaux,,,,,Medical Devices,BNQ12,338_0,0,0
National Research Council of Canada,228,"Ocean, Coastal, and River Engineering","GÇnie ocÇanique, cìtier et fluvial",,,,,"Ocean, Coastal and River Engineering",BNQ15,339_0,0,0
Natural Resources Canada,134,Mining Innovation,Innovation mines,,,,,Green Mining Innovation,BTM04,269_0,0,0
Natural Resources Canada,134,GeoConnections Program,Programme GÇoConnexions,,,GeoConnections Program,Programme GÇoConnexions,Innovative Geospatial Solutions,BTM12,277_0,0,0
Natural Resources Canada,134,Clean Energy for Rural and Remote Communities Program,L'Çnergie propre pour les collectivitÇs rurales et ÇloignÇes,Demonstration,DÇmonstration,Clean Energy for Rural and Remote Communities,L'Çnergie propre pour les collectivitÇs rurales et ÇloignÇes,Electricity Resources,BTM09,143_1,0,0
Natural Resources Canada,134,Clean Energy for Rural and Remote Communities Program,L'Çnergie propre pour les collectivitÇs rurales et ÇloignÇes,Deployment,DÇploiement,Clean Energy for Rural and Remote Communities,L'Çnergie propre pour les collectivitÇs rurales et ÇloignÇes,Electricity Resources,BTM09,143_2,0,0
Natural Resources Canada,134,Clean Energy for Rural and Remote Communities Program ,L'Çnergie propre pour les collectivitÇs rurales et ÇloignÇes,Bioheat,Biothermie,Clean Energy for Rural and Remote Communities,L'Çnergie propre pour les collectivitÇs rurales et ÇloignÇes,Electricity Resources,BTM09,143_3,0,0
Natural Resources Canada,134,Clean Growth in the Natural Resource Sectors Innovation Program,Programme d'innovation pour la croissance propre dans les secteurs des ressources naturelles,,,Clean Growth in the Natural Resource Sectors Innovation Program,Programme d'innovation pour la croissance propre dans les secteurs des ressources naturelles,Clean Growth in Natural Resource Sectors,BTM02,144_0,0,0
Natural Resources Canada,134,Green Jobs - Science and Technology Internship Program,Emplois verts - Programme de stages en sciences et technologie,,,Science and Technology Internship Program,Programme de stages en sciences et technologie,Science and Technology Internship Program,BTO08,284_0,1,0
Natural Resources Canada,134,Clean Technology Challenges,DÇfi sur les technologies propres,,,Clean Technology Challenges,DÇfi sur les technologies propres,Clean Growth in Natural Resource Sectors,BTM02,145_0,1,0
Natural Resources Canada,134,Electric Vehicle and Alternative Fuel Infrastructure Deployment Initiative,Initiative pour le deploiement d'infrastructures pour les vÇhicules Çlectriques et les carburants de remplacement,,,Transportation and Alternative Fuels,Transport et carburants de remplacement,Lower Carbon Transportation,BTM08,146_0,0,0
Natural Resources Canada,134,Electric Vehicle Infrastructure Demonstration Program,Programme de dÇmonstration d'infrastructures pour vÇhicules Çlectriques,,,Electric Vehicle Infrastructure Demonstration Program,Programme de dÇmonstration d'infrastructures pour vÇhicules Çlectriques,Energy Innovation Program,BTM03,809_0,0,0
Natural Resources Canada,134,Forest Innovation Program,Programme d'innovation forestiäre,,,Forest Innovation Program,Programme d'innovation forestiäre,Forest Sector Competitiveness,BTO01,273_0,1,0
Natural Resources Canada,134,Forest Research Institute Initiative,Initiative des instituts de recherche forestiäre,,,Forest Research Institute Initiative,Initiative des instituts de recherche forestiäre,Forest Sector Competitiveness,BTO01,147_0,1,0
Natural Resources Canada,134,Investments in Forest Industry Transformation,Investissements dans la transformation de l'industrie forestiäre,,,Investments in the Forest Industry Transformation,Investissements dans la transformation de l'industrie forestiäre,Forest Sector Competitiveness,BTO01,274_0,0,0
Natural Resources Canada,134,Energy Innovation Program ,Programme d'innovation ÇnergÇtique,,,Energy Innovation Program,Programme d'innovation ÇnergÇtique,Energy Innovation Program,BTM03,278_0,0,0
Natural Resources Canada,134,Smart Grid Infrastructure Demonstrations Program,Programme de dÇmonstration d'infrastructure de rÇseaux intelligents,,,Smart Grid Program,Programme des rÇseaux intelligents,Energy Innovation Program,BTM03,148_0,0,0
Natural Resources Canada,134,Buildings Infrastructure Program,Programme de l'infrastructure des immeubles,,,Buildings Infrastructure Program,,Energy Innovation Program,BTM03,149_0,0,0
Natural Resources Canada,134,Oil and Gas Clean Tech Program,Programme de technologies pÇtroliäres et gaziäres propres,,,Energy Innovation Program - Oil and Gas Clean Technology Program,Initiatives de technologies propres pÇtroliäres et gaziäres,Energy Innovation Program,BTM03,150_0,0,0
Natural Resources Canada,134,Oil Spill Response Science Program,Programme scientifique d'intervention en cas de dÇversement d'hydrocarbures,,,Oil Spill Response Science Program,Programme scientifique d'intervention en cas de dÇversement d'hydrocarbures,Energy Innovation Program,BTM03,280_0,0,0
Natural Resources Canada,134,"Program of Energy, Research and Development",Programme de recherche et de dÇveloppement ÇnergÇtiques,,,"Program for Energy, Research & Development",,Energy Innovation Program,BTM03,151_0,0,0
Natural Resources Canada,134,Pan North American Renewable Electricity Integration Studies,,,,Pan North American Renewable Electricity Integration Studies,,Energy Innovation Program,BTM03,152_0,0,0
Natural Resources Canada,134,Emerging Renewables Power Program,Programme des Çnergies renouvelables Çmergentes,,,Emerging Renewable Power Program,Programme des Çnergies renouvelables Çmergentes,Electricity Resources,BTM09,153_0,0,0
Natural Resources Canada,134,Smart Grid Deployment Program,Programme de dÇploiement des rÇseaux intelligents,,,Smart Grid Program,Programme des rÇseaux intelligents,Electricity Resources,BTM09,154_0,0,0
Natural Resources Canada,134,ecoENERGY for Renewable Power,ÇcoêNERGIE pour l'ÇlectricitÇ renouvelable,,,ecoENERGY for Renewable Power,ÇcoêNERGIE pour l'ÇlectricitÇ renouvelable,Electricity Resources,BTM09,271_0,0,0
Natural Resources Canada,134,Green Construction Through Wood Program,Programme de construction verte en bois,,,Green Construction Through Wood Program,Programme de construction verte en bois,Forest Sector Competitiveness,BTO01,807_0,0,0
Natural Resources Canada,134,Energy Efficiency Program,Programme d'efficacitÇ ÇnergÇtique,,,Energy Efficiency Program,Programme d'efficacitÇ ÇnergÇtique,Electricity Resources,BTM09,808_0,0,0
Natural Sciences and Engineering Research Council,230,Applied Research and Development Grants,Subventions de recherche et dÇveloppement appliquÇe,,,College and Community Innovation,Programme d'innovation dans les colläges et la communautÇ,Research Partnerships,BNR03,230_0,0,0
Natural Sciences and Engineering Research Council,230,Business-Led Networks of Centres of Excellence,Programme des rÇseaux de centres d'excellence dirigÇs par l'entreprise,,,Business-Led Networks of Centres of Excellence,Programme des rÇseaux de centres d'excellence dirigÇs par l'entreprise,Research Partnerships,BNR03,231_0,1,0
Natural Sciences and Engineering Research Council,230,Centres of Excellence for Commercialization and Research,Programme des centres d'excellence en commercialisation et en recherche,,,Centres of Excellence for Commercialization and Research,Programme des centres d'excellence en commercialisation et en recherche,Research Partnerships,BNR03,232_0,1,0
Natural Sciences and Engineering Research Council,230,Collaborative Research and Development Grants,Subventions de recherche et dÇveloppement coopÇrative,,,Grants and Scholarships,Subventions et bourses,Research Partnerships,BNR03,234_0,0,0
Natural Sciences and Engineering Research Council,230,College-University Idea to Innovation Grants,Subventions de l'IdÇe Ö l'innovation pour les universitÇs et les colläges,,,,,Research Partnerships,BNR03,235_0,0,0
Natural Sciences and Engineering Research Council,230,Connect Grants,Subventions Connexion,,,,,Research Partnerships,BNR03,233_0,0,0
Natural Sciences and Engineering Research Council,230,Engage Grants,Subventions d'engagement partenarial,,,Grants and Scholarships,Subventions et bourses,Research Partnerships,BNR03,236_0,0,0
Natural Sciences and Engineering Research Council,230,Experience Awards,Bourses ExpÇrience,,,,,Research Partnerships,BNR03,237_0,0,0
Natural Sciences and Engineering Research Council,230,Industrial Research Chairs,Subventions de professeurs-chercheurs industriels,,,Grants and Scholarships,Subventions et bourses,Research Partnerships,BNR03,240_0,0,0
Natural Sciences and Engineering Research Council,230,Innovation Enhancement Grants,Subventions de renforcement de l'innovation,,,College and Community Innovation,Programme d'innovation dans les colläges et la communautÇ,Research Partnerships,BNR03,239_0,0,0
Natural Sciences and Engineering Research Council,230,Strategic Partnership Grants for Networks,Subventions de partenariats stratÇgique pour les rÇseaux,,,,,Research Partnerships,BNR03,241_0,0,0
Natural Sciences and Engineering Research Council,230,Strategic Partnership Grants for Projects,Subventions de partenariats stratÇgique pour les projets,,,,,Research Partnerships,BNR03,242_0,0,0
Natural Sciences and Engineering Research Council,230,Technology Access Centres Grants,Subventions d'Çtablissement de centres d'accäs Ö la technologie,,,College and Community Innovation,Programme d'innovation dans les colläges et la communautÇ,Research Partnerships,BNR03,243_0,0,0
Natural Sciences and Engineering Research Council,230,University Idea to Innovation Grants,Subventions de l'IdÇe Ö l'innovation pour les universitÇs,,,,,Research Partnerships,BNR03,238_0,0,0
Public Services and Procurement Canada,136,Build in Canada Innovation Program,Programme d'innovation Construire au Canada,,,,,Unknown,,253_0,0,0
Western Economic Diversification Canada,140,Canadian Coal Transition Initiative,Initiative canadienne de transition pour l'industrie du charbon,,,Regional Growth Through Innovation,Croissance Çconomique rÇgionale par l'innovation,Business Growth,BNW02,802_0,0,0
Western Economic Diversification Canada,140,Canadian Coal Transition Initiative,Initiative canadienne de transition pour l'industrie du charbon,,,Regional Growth Through Innovation,Croissance Çconomique rÇgionale par l'innovation,Innovation,BNW01,802_0,0,0
Western Economic Diversification Canada,140,Community Futures Program,Programme de dÇveloppement des collectivitÇs,,,Community Futures Program,Programme de dÇveloppement des collectivitÇs,Business Services,BNW03,254_0,1,0
Western Economic Diversification Canada,140,Regional Growth Through Innovation - Business Scale-up and Productivity,Croissance Çconomique rÇgionale par l'innovation - Expansion des entreprises et productivitÇ,,,Regional Growth Through Innovation,Croissance Çconomique rÇgionale par l'innovation,Business Growth,BNW02,803_0,0,0
Western Economic Diversification Canada,140,Regional Growth Through Innovation - Business Scale-up and Productivity,Croissance Çconomique rÇgionale par l'innovation - Expansion des entreprises et productivitÇ,,,Regional Growth Through Innovation,Croissance Çconomique rÇgionale par l'innovation,Innovation,BNW01,803_0,0,0
Western Economic Diversification Canada,140,Regional Growth Through Innovation - Regional Innovation Ecosystems,Croissance Çconomique rÇgionale par l'innovation - êcosystämes d'innovation rÇgionaux,,,Regional Growth Through Innovation,Croissance Çconomique rÇgionale par l'innovation,Business Growth,BNW02,804_0,0,0
Western Economic Diversification Canada,140,Regional Growth Through Innovation - Regional Innovation Ecosystems,Croissance Çconomique rÇgionale par l'innovation - êcosystämes d'innovation rÇgionaux,,,Regional Growth Through Innovation,Croissance Çconomique rÇgionale par l'innovation,Innovation,BNW01,804_0,0,0
Western Economic Diversification Canada,140,Western Diversification Program,Programme de diversification de l'Çconomie de l'Ouest,,,Western Diversification Program,Programme de diversification de l'Çconomie de l'Ouest,Community Initiatives,BNW04,255_0,1,0
Western Economic Diversification Canada,140,Western Innovation Initiative,Initiative d'innovation dans l'Ouest,,,Western Diversification Program,Programme de diversification de l'Çconomie de l'Ouest,Innovation,BNW01,256_0,0,0
Western Economic Diversification Canada,140,Women Entrepreneurship Fund,Fonds pour les femmes en entrepreunariat,,,Regional Growth Through Innovation,Croissance Çconomique rÇgionale par l'innovation,Business Growth,BNW02,805_0,0,0
Western Economic Diversification Canada,140,Women Entrepreneurship Fund,Fonds pour les femmes en entrepreunariat,,,Regional Growth Through Innovation,Croissance Çconomique rÇgionale par l'innovation,Innovation,BNW01,805_0,0,0
Western Economic Diversification Canada,140,Women Entrepreneurship Strategy - Ecosystem Fund,Fonds pour l'Çcosystäme de la StratÇgie pour les femmes en entrepreunariat,,,Regional Growth Through Innovation,Croissance Çconomique rÇgionale par l'innovation,Business Growth,BNW02,806_0,0,0
Western Economic Diversification Canada,140,Women Entrepreneurship Strategy - Ecosystem Fund,Fonds pour l'Çcosystäme de la StratÇgie pour les femmes en entrepreunariat,,,Regional Growth Through Innovation,Croissance Çconomique rÇgionale par l'innovation,Innovation,BNW01,806_0,0,0
Western Economic Diversification Canada,140,Women's Entreprise Initiative,L'Initiative pour les femmes entrepreneurs,,,Women's Enterprise Initiative,Initiative pour les femmes entrepreneurs,Business Services,BNW03,156_0,0,0
Employment and Social Development Canada,128,Temporary Foreign Worker Program - Global Talent Stream,Programme des travailleurs Çtrangers temporaires - Volet des talents mondiaux,,,,,Temporary Foreign Worker Program,BGO14,801_0,0,0
